arg_type;arg_num;args…;;;;;;;
JOINT_POSITIONS;8;3.14;-1.52;0.0001;-1.53589;0.006;0.02391101;0.3;0.6
JOINT_POSITIONS;8;5;-1.52;-0.0959931;-1.53589;3.14;0.02391101;0.3;0.6
JOINT_POSITIONS;8;0.004886922;-1.5196582;-0.0959931;-1.53589;3.14;0.02391101;0.3;0.6
